City_ID,City,Country,Date,Lat,Lng,Max Temp,Humidity,Cloudiness,Wind Speed
0,Aboisso,CI,2022-03-24 13:35:34,5.4678,-3.2071,91.36,53,89,11.05
1,Miquelon,PM,2022-03-24 13:35:34,47.0975,-56.3814,35.6,76,32,22.06
2,Bredasdorp,ZA,2022-03-24 13:35:35,-34.5322,20.0403,74.25,54,6,18.07
3,Busselton,AU,2022-03-24 13:35:35,-33.65,115.3333,67.91,44,0,12.5
4,Ribeira Grande,PT,2022-03-24 13:35:35,38.5167,-28.7,61.2,77,75,21.85
5,Sao Felix Do Xingu,BR,2022-03-24 13:35:35,-6.6447,-51.995,79.07,91,100,3.44
6,Bambous Virieux,MU,2022-03-24 13:35:36,-20.3428,57.7575,84.45,74,40,9.22
7,Ushuaia,AR,2022-03-24 13:35:16,-54.8,-68.3,47.82,71,40,4.61
8,Skibbereen,IE,2022-03-24 13:35:36,51.55,-9.2667,55.11,68,14,5.88
9,Kedzierzyn-Kozle,PL,2022-03-24 13:35:37,50.3498,18.2261,62.19,24,0,7.65
10,Rocha,UY,2022-03-24 13:35:26,-34.4833,-54.3333,78.49,64,49,10.45
11,Tabou,CI,2022-03-24 13:35:37,4.423,-7.3528,85.46,68,42,8.99
12,Saint-Philippe,RE,2022-03-24 13:35:37,-21.3585,55.7679,83.79,83,57,10.16
13,Saint-Francois,FR,2022-03-24 13:35:38,46.4154,3.9054,68.68,37,0,3.44
14,Touros,BR,2022-03-24 13:35:38,-5.1989,-35.4608,86.14,64,60,10.27
15,Nampula,MZ,2022-03-24 13:35:38,-15.1165,39.2666,87.75,55,75,4.61
16,Svetlogorsk,BY,2022-03-24 13:35:39,52.6333,29.7333,37.17,95,100,17.74
17,Amangarh,PK,2022-03-24 13:35:40,34.0058,71.93,86.61,26,1,4.41
18,Sao Jose Da Coroa Grande,BR,2022-03-24 13:35:40,-8.8978,-35.1478,84.11,62,82,10.65
19,Bell Ville,AR,2022-03-24 13:35:41,-32.6259,-62.6887,58.8,40,0,23.02
20,Jamestown,US,2022-03-24 13:35:41,42.097,-79.2353,49.01,58,75,11.99
21,Ostrovnoy,RU,2022-03-24 13:35:42,68.0531,39.5131,22.35,69,100,25.3
22,Chapais,CA,2022-03-24 13:32:46,49.7834,-74.8492,26.38,93,100,15.23
23,Arraial Do Cabo,BR,2022-03-24 13:35:42,-22.9661,-42.0278,84.16,54,0,23.02
24,Southampton,GB,2022-03-24 13:33:26,50.904,-1.4043,66.0,34,0,3.44
25,Mahebourg,MU,2022-03-24 13:35:42,-20.4081,57.7,84.49,74,40,9.22
26,Maniitsoq,GL,2022-03-24 13:35:43,65.4167,-52.9,10.13,61,91,4.81
27,Bonavista,CA,2022-03-24 13:35:43,48.6499,-53.1147,29.37,87,100,33.78
28,Axim,GH,2022-03-24 13:35:44,4.8699,-2.2405,85.14,69,100,9.22
29,Port Alfred,ZA,2022-03-24 13:35:44,-33.5906,26.891,75.15,64,34,19.08
30,Chuy,UY,2022-03-24 13:35:44,-33.6971,-53.4616,72.95,77,100,8.52
31,Bathsheba,BB,2022-03-24 13:35:44,13.2167,-59.5167,83.01,61,40,25.32
32,Lochgilphead,GB,2022-03-24 13:35:45,56.038,-5.4321,51.8,77,100,1.83
33,Hermanus,ZA,2022-03-24 13:35:45,-34.4187,19.2345,73.8,78,36,16.67
34,Gat,IL,2022-03-24 13:35:45,31.61,34.7642,54.28,100,26,17.72
35,Galdar,ES,2022-03-24 13:35:46,28.147,-15.6502,70.3,58,5,12.86
36,Nirsa,IN,2022-03-24 13:35:46,23.7833,86.7167,87.44,10,5,5.68
37,Westport,US,2022-03-24 13:35:47,41.1415,-73.3579,45.9,95,100,25.32
38,Kruisfontein,ZA,2022-03-24 13:35:47,-34.0033,24.7314,72.88,62,22,19.75
39,Bengkulu,ID,2022-03-24 13:33:55,-3.8004,102.2655,78.8,78,94,3.98
40,Alakurtti,RU,2022-03-24 13:35:47,66.9672,30.3491,27.32,65,18,5.61
41,Cayenne,GF,2022-03-24 13:35:48,4.9333,-52.3333,84.24,1,75,11.5
42,Barra Patuca,HN,2022-03-24 13:35:48,15.8,-84.2833,78.46,77,26,8.19
43,Lebu,CL,2022-03-24 13:35:48,-37.6167,-73.65,55.54,63,0,23.06
44,Ilhabela,BR,2022-03-24 13:32:27,-23.7781,-45.3581,83.44,60,20,5.28
45,Malanje,AO,2022-03-24 13:36:50,-9.5402,16.341,84.58,84,75,4.61
46,Moose Factory,CA,2022-03-24 13:36:50,51.2585,-80.6094,21.18,73,0,5.75
47,Monte Alegre,BR,2022-03-24 13:36:51,-2.0078,-54.0692,79.03,87,97,7.07
48,Sarab,IR,2022-03-24 13:36:51,38.6066,44.9883,43.48,74,14,8.93
49,Yar-Sale,RU,2022-03-24 13:36:51,66.8333,70.8333,4.91,97,97,4.5
50,Port Elizabeth,ZA,2022-03-24 13:32:15,-33.918,25.5701,75.09,76,40,23.02
51,Adrar,MR,2022-03-24 13:36:52,20.5022,-10.0711,85.01,16,0,7.65
52,Olafsvik,IS,2022-03-24 13:36:52,64.8945,-23.7142,34.54,83,100,13.49
53,Pisco,PE,2022-03-24 13:36:52,-13.7,-76.2167,69.85,73,11,0.0
54,Saint Anthony,US,2022-03-24 13:36:53,45.0205,-93.218,35.26,82,100,12.66
55,Kalmunai,LK,2022-03-24 13:36:53,7.4167,81.8167,80.02,81,6,8.19
56,Mariental,NA,2022-03-24 13:36:53,-24.6333,17.9667,82.65,37,99,5.46
57,Quatre Cocos,MU,2022-03-24 13:36:54,-20.2078,57.7625,84.31,72,77,12.3
58,Zaozerne,UA,2022-03-24 13:36:54,45.1582,33.2787,50.4,39,0,12.5
59,Saint George,US,2022-03-24 13:36:54,37.1041,-113.5841,39.79,33,0,5.75
60,Kodar,IN,2022-03-24 13:36:54,16.9833,79.9667,88.41,46,74,17.52
61,Mar Del Plata,AR,2022-03-24 13:36:55,-38.0023,-57.5575,71.1,97,100,25.99
62,Bandipur,NP,2022-03-24 13:36:55,27.9333,84.4167,69.6,18,76,3.51
63,Mahabad,IR,2022-03-24 13:36:55,36.7631,45.7222,46.35,44,4,20.02
64,Los Llanos De Aridane,ES,2022-03-24 13:36:56,28.6585,-17.9182,64.15,78,40,13.8
65,Luderitz,NA,2022-03-24 13:36:56,-26.6481,15.1594,73.36,64,0,21.56
66,San Juan Bautista,PE,2022-03-24 13:36:56,-14.0108,-75.7358,74.28,60,4,4.74
67,Plettenberg Bay,ZA,2022-03-24 13:36:57,-34.0527,23.3716,67.32,84,91,8.75
68,Arcoverde,BR,2022-03-24 13:36:57,-8.4189,-37.0539,80.92,57,100,7.7
69,Dingle,PH,2022-03-24 13:36:57,10.9995,122.6711,78.37,82,94,7.56
70,Longyearbyen,SJ,2022-03-24 13:36:58,78.2186,15.6401,1.24,66,40,4.61
71,Dikson,RU,2022-03-24 13:36:58,73.5069,80.5464,12.74,88,100,18.79
72,Dudinka,RU,2022-03-24 13:36:59,69.4058,86.1778,9.63,91,96,15.7
73,Rio Grande,BR,2022-03-24 13:36:59,-32.035,-52.0986,73.51,94,100,5.73
74,Curaca,BR,2022-03-24 13:36:59,-8.9903,-39.9094,86.34,49,98,12.46
75,Mehamn,NO,2022-03-24 13:36:59,71.0357,27.8492,24.71,68,100,25.32
76,Menongue,AO,2022-03-24 13:37:00,-14.6585,17.691,73.35,78,100,4.99
77,Mizan Teferi,ET,2022-03-24 13:37:00,6.9833,35.5833,74.01,56,97,3.42
78,Torbay,CA,2022-03-24 13:37:00,47.6666,-52.7314,34.57,90,100,25.32
79,Pali,IN,2022-03-24 13:37:01,25.7667,73.3333,86.38,11,0,5.66
80,Juba,SS,2022-03-24 13:37:01,4.8517,31.5825,101.3,17,86,7.7
81,Mindelo,CV,2022-03-24 13:37:02,16.8901,-24.9804,74.75,50,20,28.77
82,Qaanaaq,GL,2022-03-24 13:37:02,77.484,-69.3632,-13.5,67,22,7.78
83,Albany,US,2022-03-24 13:35:30,42.6001,-73.9662,37.38,93,100,1.01
84,Aksarka,RU,2022-03-24 13:37:03,66.5606,67.7975,9.25,92,99,7.09
85,Georgetown,MY,2022-03-24 13:33:22,5.4112,100.3354,84.13,86,20,3.44
86,Goundam,ML,2022-03-24 13:37:03,16.4145,-3.6708,103.64,6,62,11.16
87,Turukhansk,RU,2022-03-24 13:37:03,65.8167,87.9833,15.4,90,100,6.73
88,Souillac,MU,2022-03-24 13:37:04,-20.5167,57.5167,84.58,74,40,9.22
89,Aksu,CN,2022-03-24 13:37:04,41.1231,80.2644,49.59,55,57,14.81
90,Walvis Bay,NA,2022-03-24 13:37:04,-22.9575,14.5053,77.95,57,41,10.36
91,Kamenka,RU,2022-03-24 13:38:06,51.3223,42.7678,32.18,100,100,5.55
92,Khor,RU,2022-03-24 13:38:06,47.8861,134.9464,20.17,100,83,1.01
93,Wadi Maliz,TN,2022-03-24 13:38:07,36.4681,8.5495,67.66,47,43,10.78
94,Tutoia,BR,2022-03-24 13:38:07,-2.7619,-42.2744,81.01,82,96,7.7
95,Aguimes,ES,2022-03-24 13:38:08,27.9054,-15.4461,68.63,40,20,21.85
96,Victoria,HK,2022-03-24 13:35:02,22.2855,114.1577,67.96,92,100,25.01
97,Najran,SA,2022-03-24 13:38:08,17.4924,44.1277,93.85,10,6,9.46
98,Cidreira,BR,2022-03-24 13:38:08,-30.1811,-50.2056,72.01,88,100,11.03
99,Punta Arenas,CL,2022-03-24 13:36:34,-53.15,-70.9167,50.11,62,20,14.97
100,Purpe,RU,2022-03-24 13:38:09,64.4803,76.6897,9.64,95,73,9.64
101,Sao Filipe,CV,2022-03-24 13:38:09,14.8961,-24.4956,71.22,68,0,6.51
102,Dharchula,IN,2022-03-24 13:38:09,29.85,80.5333,68.07,29,100,2.59
103,Araouane,ML,2022-03-24 13:38:10,18.9048,-3.5265,98.47,6,51,6.08
104,Inverness,GB,2022-03-24 13:38:11,57.4791,-4.224,61.99,59,20,9.22
105,Castro,BR,2022-03-24 13:38:12,-24.7911,-50.0119,77.02,63,0,13.18
106,Vardo,NO,2022-03-24 13:38:12,70.3705,31.1107,25.72,52,100,10.04
107,Ponta Do Sol,PT,2022-03-24 13:38:12,32.6667,-17.1,67.12,62,37,8.23
108,Kimberley,ZA,2022-03-24 13:38:12,-28.7323,24.7623,78.49,44,40,11.5
109,Madimba,TZ,2022-03-24 13:38:13,-10.4,40.3333,84.38,75,16,6.93
110,Nanortalik,GL,2022-03-24 13:38:13,60.1432,-45.2371,28.72,65,96,5.48
111,Comodoro Rivadavia,AR,2022-03-24 13:38:13,-45.8667,-67.5,58.86,44,0,11.5
112,San Juan Del Cesar,CO,2022-03-24 13:38:13,10.7711,-73.0031,79.75,49,31,8.5
113,Klaksvik,FO,2022-03-24 13:38:14,62.2266,-6.589,47.32,88,77,20.18
114,Gorodishche,RU,2022-03-24 13:38:14,48.8045,44.4744,49.08,27,0,6.71
115,Totness,SR,2022-03-24 13:38:14,5.8833,-56.3167,76.17,93,100,13.24
116,Salalah,OM,2022-03-24 13:38:15,17.0151,54.0924,82.49,65,20,10.36
117,Port Hawkesbury,CA,2022-03-24 13:38:15,45.6169,-61.3485,36.9,77,0,9.22
118,Mwinilunga,ZM,2022-03-24 13:38:15,-11.7358,24.4293,77.56,59,23,2.48
119,Praia,CV,2022-03-24 13:38:16,14.9215,-23.5087,75.74,57,20,21.85
120,Santa Maria,BR,2022-03-24 13:33:34,-29.6842,-53.8069,72.7,78,75,9.22
121,Gardner,US,2022-03-24 13:38:16,42.5751,-71.9981,35.85,93,100,6.91
122,Cape Town,ZA,2022-03-24 13:37:57,-33.9258,18.4232,78.12,58,40,16.11
123,Garissa,KE,2022-03-24 13:38:17,-0.4536,39.6401,100.42,26,72,9.93
124,Galle,LK,2022-03-24 13:38:17,6.0367,80.217,80.8,75,33,6.98
125,Ilheus,BR,2022-03-24 13:37:40,-14.7889,-39.0494,85.82,70,40,11.5
126,Mozarlandia,BR,2022-03-24 13:38:17,-14.7447,-50.5706,79.7,76,84,3.56
127,Vangaindrano,MG,2022-03-24 13:38:18,-23.35,47.6,79.25,79,17,6.53
128,Lucknow,IN,2022-03-24 13:38:13,26.85,80.9167,89.58,45,40,0.0
129,Ndola,ZM,2022-03-24 13:38:18,-12.9587,28.6366,75.83,72,37,2.17
130,Mapiri,BO,2022-03-24 13:38:18,-15.25,-68.1667,75.24,88,83,1.12
131,Carnarvon,AU,2022-03-24 13:38:19,-24.8667,113.6333,82.47,69,100,5.75
132,Pavlovka,RU,2022-03-24 13:38:19,52.6897,47.1405,33.62,93,99,7.94
133,Beloha,MG,2022-03-24 13:39:21,-25.1667,45.05,83.21,54,9,10.74
134,Qandala,SO,2022-03-24 13:39:21,11.472,49.8728,81.32,70,4,5.59
135,Hamilton,US,2022-03-24 13:35:44,39.1834,-84.5333,48.2,70,100,12.66
136,Kasongo-Lunda,CD,2022-03-24 13:39:21,-6.4667,16.8167,86.09,60,100,3.33
137,Napasar,IN,2022-03-24 13:39:22,27.9667,73.55,88.16,9,0,8.32
138,Rio Gallegos,AR,2022-03-24 13:39:22,-51.6226,-69.2181,50.05,66,0,10.36
139,Faratsiho,MG,2022-03-24 13:39:23,-19.4,46.95,66.67,89,47,2.86
140,Constitucion,CL,2022-03-24 13:39:23,-35.3333,-72.4167,59.29,43,0,14.99
141,Oriximina,BR,2022-03-24 13:39:23,-1.7656,-55.8661,82.58,76,66,5.17
142,Keuruu,FI,2022-03-24 13:39:23,62.2667,24.7,43.81,81,99,4.05
143,Beyneu,KZ,2022-03-24 13:39:24,45.3167,55.2,45.48,34,10,13.91
144,Cozumel,MX,2022-03-24 13:39:24,20.5083,-86.9458,79.95,80,3,3.0
145,Kostomuksha,RU,2022-03-24 13:39:24,64.571,30.5767,31.1,69,70,8.75
146,Ardesen,TR,2022-03-24 13:39:25,41.1911,40.9875,43.95,86,100,4.54
147,Suluq,LY,2022-03-24 13:39:25,31.6682,20.2521,60.94,34,5,13.73
148,Harper,LR,2022-03-24 13:39:25,4.375,-7.7169,85.03,69,43,7.92
149,Lagoa,PT,2022-03-24 13:39:26,39.05,-27.9833,58.57,82,100,24.23
150,Sao Joao Da Barra,BR,2022-03-24 13:39:26,-21.6403,-41.0511,80.69,67,4,8.43
151,Teignmouth,GB,2022-03-24 13:39:26,50.5477,-3.4964,65.01,45,0,5.55
152,Plaster Rock,CA,2022-03-24 13:39:27,46.9065,-67.39,29.59,86,100,8.3
153,Berlevag,NO,2022-03-24 13:39:28,70.8578,29.0864,24.75,54,0,12.66
154,Qaqortoq,GL,2022-03-24 13:39:28,60.7167,-46.0333,25.38,58,29,5.28
155,Lesnoy,RU,2022-03-24 13:39:29,57.6198,63.0784,26.35,87,24,5.7
156,Tasiilaq,GL,2022-03-24 13:39:29,65.6145,-37.6368,21.36,60,59,2.86
157,Pandhurna,IN,2022-03-24 13:39:29,21.6,78.5167,91.0,12,18,4.94
158,Okrika,NG,2022-03-24 13:39:29,4.7416,7.0849,91.72,56,99,8.3
159,The Valley,AI,2022-03-24 13:34:57,18.217,-63.0578,81.82,73,20,18.41
160,Fomboni,KM,2022-03-24 13:39:30,-12.28,43.7425,84.15,74,100,10.42
161,Eyl,SO,2022-03-24 13:39:30,7.9803,49.8164,81.0,71,6,14.52
162,Vila Velha,BR,2022-03-24 13:39:30,-20.3297,-40.2925,78.75,88,75,5.75
163,Saint-Augustin,CA,2022-03-24 13:39:31,51.226,-58.6502,25.14,77,6,12.77
164,Oistins,BB,2022-03-24 13:37:37,13.0667,-59.5333,82.49,61,40,25.32
165,Hofn,IS,2022-03-24 13:39:31,64.2539,-15.2082,44.62,87,75,6.91
166,Mkushi,ZM,2022-03-24 13:39:31,-13.6202,29.3939,75.04,77,50,2.1
167,Ilulissat,GL,2022-03-24 13:36:24,69.2167,-51.1,8.62,47,75,4.61
168,Husavik,IS,2022-03-24 13:39:32,66.0449,-17.3389,38.23,97,100,8.01
169,Atasu,KZ,2022-03-24 13:39:32,48.6814,71.6433,17.06,95,8,7.61
170,Kayes,ML,2022-03-24 13:39:32,14.0,-11.0,103.64,12,0,9.46
171,Henties Bay,NA,2022-03-24 13:39:33,-22.116,14.2845,66.25,85,32,9.44
172,Upernavik,GL,2022-03-24 13:39:33,72.7868,-56.1549,2.35,64,100,7.0
173,Tessalit,ML,2022-03-24 13:39:34,20.1986,1.0114,94.1,7,14,12.91
174,Matagami,CA,2022-03-24 13:39:34,49.7502,-77.6328,28.51,93,100,11.5
175,Road Town,VG,2022-03-24 13:37:26,18.4167,-64.6167,80.64,69,75,16.11
176,Cruzeiro Do Sul,BR,2022-03-24 13:40:36,-29.5128,-51.9853,75.07,83,100,5.91
177,Axams,AT,2022-03-24 13:40:36,47.2081,11.2869,56.95,18,0,6.91
178,Atyrau,KZ,2022-03-24 13:36:50,47.1167,51.8833,46.42,34,0,13.42
179,Leh,IN,2022-03-24 13:40:36,34.1667,77.5833,26.11,75,99,3.6
180,Manavalakurichi,IN,2022-03-24 13:40:37,8.1333,77.3,83.01,74,47,10.47
181,Ormara,PK,2022-03-24 13:40:37,25.2088,64.6357,78.57,74,0,13.73
182,Yelkhovka,RU,2022-03-24 13:40:37,53.8667,50.2832,38.16,100,100,7.0
183,Hithadhoo,MV,2022-03-24 13:40:38,-0.6,73.0833,84.06,71,0,19.06
184,Fort-Shevchenko,KZ,2022-03-24 13:40:38,44.5086,50.263,46.26,54,100,13.56
185,Geraldton,AU,2022-03-24 13:40:38,-28.7667,114.6,81.01,41,53,9.22
186,Talcahuano,CL,2022-03-24 13:40:39,-36.7167,-73.1167,53.28,62,0,17.27
187,Dinajpur,BD,2022-03-24 13:40:39,25.6272,88.6386,84.74,10,2,4.25
188,Kidal,ML,2022-03-24 13:40:39,18.4411,1.4078,97.0,7,43,13.8
189,Cockburn Town,TC,2022-03-24 13:40:40,21.4612,-71.1419,78.76,69,40,17.27
190,Utinga,BR,2022-03-24 13:40:40,-5.8172,-35.3954,84.6,83,75,9.22
191,Kondinskoye,RU,2022-03-24 13:40:40,59.6481,67.41,13.71,92,96,5.14
192,Warrington,GB,2022-03-24 13:40:41,53.3925,-2.5802,66.81,39,0,3.44
193,Doka,SD,2022-03-24 13:40:41,13.5167,35.7667,100.27,9,49,16.28
194,San Luis,AR,2022-03-24 13:36:26,-33.295,-66.3356,56.16,32,0,20.29
195,Santa Vitoria,BR,2022-03-24 13:40:41,-18.8386,-50.1214,83.08,56,4,11.07
196,Shirpur,IN,2022-03-24 13:40:42,21.35,74.8833,97.09,12,22,6.11
197,Bahia Blanca,AR,2022-03-24 13:40:10,-38.7196,-62.2724,57.72,94,100,42.57
198,Virginia Beach,US,2022-03-24 13:40:42,36.8529,-75.978,70.02,91,100,3.0
199,Atar,MR,2022-03-24 13:40:42,20.5169,-13.0499,86.65,16,0,9.22
200,Tazmalt,DZ,2022-03-24 13:40:43,36.3868,4.3989,65.16,47,100,6.69
201,Kathmandu,NP,2022-03-24 13:39:08,27.7167,85.3167,66.42,59,75,8.05
202,Goderich,CA,2022-03-24 13:40:43,43.7501,-81.7165,45.91,87,100,19.57
203,Taltal,CL,2022-03-24 13:40:43,-25.4,-70.4833,68.0,69,0,5.21
204,Natal,BR,2022-03-24 13:40:43,-5.795,-35.2094,84.42,79,40,9.22
205,Lima,PE,2022-03-24 13:40:18,-12.0432,-77.0282,67.39,42,40,2.3
206,Daura,NG,2022-03-24 13:40:44,11.5538,11.4085,100.56,8,60,13.4
207,Sayyan,YE,2022-03-24 13:40:44,15.1718,44.3244,70.79,38,16,5.37
208,Vestmannaeyjar,IS,2022-03-24 13:40:44,63.4427,-20.2734,41.99,93,100,16.11
209,Alice Town,BS,2022-03-24 13:40:45,25.7167,-79.3,77.7,79,0,20.85
210,Linhares,BR,2022-03-24 13:40:45,-19.3911,-40.0722,78.8,76,99,1.95
211,Genc,TR,2022-03-24 13:40:45,38.7507,40.5603,44.96,49,40,5.75
212,Nosy Varika,MG,2022-03-24 13:40:46,-20.5833,48.5333,79.75,77,88,5.01
213,Puerto Lopez,CO,2022-03-24 13:40:46,4.0845,-72.956,87.28,50,100,4.32
214,Coquimbo,CL,2022-03-24 13:38:57,-29.9533,-71.3436,56.93,100,0,2.3
215,Coihaique,CL,2022-03-24 13:39:26,-45.5752,-72.0662,49.95,71,75,8.05
216,Codrington,AU,2022-03-24 13:40:46,-38.2667,141.9667,55.06,80,6,4.29
217,Podlesnoye,RU,2022-03-24 13:40:47,51.8161,47.009,33.15,100,100,6.13
218,Jaisalmer,IN,2022-03-24 13:40:47,26.9147,70.9181,90.41,7,0,5.17
219,Copiapo,CL,2022-03-24 13:38:11,-27.3667,-70.3333,60.49,44,0,4.65
220,Clyde River,CA,2022-03-24 13:40:48,70.4692,-68.5914,-3.77,84,100,13.8
221,Karnal,IN,2022-03-24 13:41:49,29.6833,76.9833,81.68,12,3,6.93
222,Saint-Joseph,RE,2022-03-24 13:41:50,-21.3667,55.6167,80.98,83,50,10.25
223,North Bay,CA,2022-03-24 13:41:50,46.3168,-79.4663,38.14,98,100,11.5
224,Bougouni,ML,2022-03-24 13:41:50,11.417,-7.479,103.84,21,17,5.57
225,Grand-Santi,GF,2022-03-24 13:41:50,4.25,-54.3833,77.77,94,94,4.65
226,Havoysund,NO,2022-03-24 13:41:51,70.9963,24.6622,28.63,71,100,23.38
227,Kachiry,KZ,2022-03-24 13:41:51,53.0675,76.1036,26.31,84,62,22.17
228,Takoradi,GH,2022-03-24 13:41:51,4.8845,-1.7554,85.57,68,100,11.03
229,Luanda,AO,2022-03-24 13:41:52,-8.8368,13.2343,83.64,73,12,15.5
230,Boddam,GB,2022-03-24 13:41:52,57.4667,-1.7833,58.64,75,100,5.37
231,Port-Gentil,GA,2022-03-24 13:41:52,-0.7193,8.7815,87.76,70,40,9.22
232,Laguna,US,2022-03-24 13:41:52,38.421,-121.4238,58.32,84,0,0.0
233,Shetpe,KZ,2022-03-24 13:41:53,44.1667,52.1167,46.4,37,83,19.39
234,Faya,SA,2022-03-24 13:41:53,18.3851,42.4509,73.51,42,81,10.94
235,Balsas,BR,2022-03-24 13:41:53,-7.5325,-46.0356,80.71,80,94,9.17
236,Sambava,MG,2022-03-24 13:41:54,-14.2667,50.1667,81.46,85,100,14.14
237,Nouadhibou,MR,2022-03-24 13:41:54,20.931,-17.0347,75.18,35,0,23.02
238,Verkhnyaya Inta,RU,2022-03-24 13:41:54,65.9811,60.3094,16.39,88,100,1.3
239,Tonj,SS,2022-03-24 13:41:55,7.2737,28.6822,103.03,16,10,6.02
240,Misasi,TZ,2022-03-24 13:41:55,-3.0,33.0833,84.74,39,72,4.54
241,Narsaq,GL,2022-03-24 13:41:55,60.9167,-46.05,25.02,55,14,5.08
242,Mogadishu,SO,2022-03-24 13:41:55,2.0371,45.3438,87.67,79,20,11.5
243,Houlton,US,2022-03-24 13:41:56,46.1262,-67.8403,32.41,65,0,8.05
244,Huarmey,PE,2022-03-24 13:41:56,-10.0681,-78.1522,71.91,81,66,7.74
245,Grindavik,IS,2022-03-24 13:41:56,63.8424,-22.4338,42.75,100,75,13.8
246,Harnosand,SE,2022-03-24 13:41:57,62.6323,17.9379,51.8,85,100,8.93
247,Bilokurakyne,UA,2022-03-24 13:41:57,49.5341,38.7307,48.74,40,1,7.56
248,Hualmay,PE,2022-03-24 13:41:57,-11.0964,-77.6139,70.59,82,95,6.87
249,Marsa Matruh,EG,2022-03-24 13:41:58,31.3525,27.2453,59.2,55,75,17.27
250,Korla,CN,2022-03-24 13:41:58,41.7597,86.1469,44.49,54,99,3.2
251,Penne,IT,2022-03-24 13:41:58,42.4538,13.9299,68.77,34,0,5.95
252,Tucuma,BR,2022-03-24 13:38:52,-0.1833,-50.05,76.08,94,100,3.04
253,Abu Dhabi,AE,2022-03-24 13:41:22,24.4667,54.3667,96.91,13,0,10.36
254,Lajedo,BR,2022-03-24 13:41:58,-8.6636,-36.32,80.08,60,99,9.98
255,Manjakandriana,MG,2022-03-24 13:41:59,-18.9167,47.8,74.89,90,95,4.76
256,Manta,EC,2022-03-24 13:41:59,-0.95,-80.7333,76.78,83,100,1.14
257,Talnakh,RU,2022-03-24 13:42:00,69.4865,88.3972,12.4,94,100,9.66
258,Grand Gaube,MU,2022-03-24 13:42:00,-20.0064,57.6608,84.6,75,68,5.99
259,Lokosovo,RU,2022-03-24 13:42:00,61.1333,74.8167,8.76,97,9,4.65
260,Mastic Beach,US,2022-03-24 13:42:01,40.7668,-72.8521,46.42,89,100,8.05
261,San Cristobal,VE,2022-03-24 13:42:01,7.7669,-72.225,69.98,47,97,7.23
262,Sabha,LY,2022-03-24 13:42:02,27.0377,14.4283,67.77,16,0,10.67
263,Ilebo,CD,2022-03-24 13:42:03,-4.3167,20.5833,91.11,47,97,2.42
264,Kirovskiy,RU,2022-03-24 13:42:03,45.0917,133.5136,29.05,93,18,3.87
265,Ornskoldsvik,SE,2022-03-24 13:42:04,63.2909,18.7153,36.55,80,100,9.22
266,San Juan,AR,2022-03-24 13:38:46,-31.5375,-68.5364,59.32,23,0,8.1
267,Aripuana,BR,2022-03-24 13:43:19,-9.1667,-60.6333,83.52,71,100,3.4
268,Ayagoz,KZ,2022-03-24 13:43:19,47.9714,80.4392,24.58,77,21,17.36
269,Iqaluit,CA,2022-03-24 13:43:19,63.7506,-68.5145,17.33,78,75,3.44
270,Nuuk,GL,2022-03-24 13:43:20,64.1835,-51.7216,18.21,62,75,20.71
271,Lillesand,NO,2022-03-24 13:40:16,58.2488,8.3778,63.34,39,0,5.75
272,Alta Floresta,BR,2022-03-24 13:43:20,-9.8756,-56.0861,73.22,100,100,3.44
273,Puerto Varas,CL,2022-03-24 13:43:20,-41.3195,-72.9854,46.62,100,75,2.3
274,Storslett,NO,2022-03-24 13:43:21,69.7678,21.0247,33.8,69,75,11.5
275,Banepa,NP,2022-03-24 13:43:21,27.6298,85.5214,64.72,59,75,8.05
276,Muisne,EC,2022-03-24 13:43:21,0.6,-80.0333,76.78,89,100,5.53
277,Salinopolis,BR,2022-03-24 13:43:21,-0.6136,-47.3561,77.32,91,99,5.06
278,Jacareacanga,BR,2022-03-24 13:43:22,-6.2222,-57.7528,86.95,62,42,3.74
279,Changji,CN,2022-03-24 13:43:22,44.0167,87.3167,39.99,56,0,2.24
280,Eirunepe,BR,2022-03-24 13:43:23,-6.6603,-69.8736,77.16,93,100,2.95
281,Chupa,RU,2022-03-24 13:43:23,66.27,33.0549,27.88,71,10,8.48
282,Jand,PK,2022-03-24 13:43:23,33.4299,72.0193,79.47,24,6,5.32
283,Saint-Pierre,RE,2022-03-24 13:43:24,-21.3393,55.4781,82.08,78,100,16.11
284,Amapa,BR,2022-03-24 13:43:24,1.0,-52.0,76.98,89,100,4.25
285,Mizdah,LY,2022-03-24 13:43:24,31.4451,12.9801,60.49,28,0,12.44
286,Landeck,AT,2022-03-24 13:43:25,47.1301,10.5636,63.34,51,0,0.98
287,Atbasar,KZ,2022-03-24 13:43:25,51.8,68.3333,30.43,89,100,9.4
288,East London,ZA,2022-03-24 13:42:54,-33.0153,27.9116,72.54,83,40,19.57
289,Oromocto,CA,2022-03-24 13:43:25,45.8351,-66.4792,31.24,80,75,5.75
290,Minab,IR,2022-03-24 13:43:26,27.1467,57.0801,95.32,24,1,11.5
291,Taoudenni,ML,2022-03-24 13:43:26,22.6783,-3.9836,96.75,6,0,14.61
292,San Francisco,US,2022-03-24 13:43:27,37.7749,-122.4194,52.66,87,20,7.0
293,Caravelas,BR,2022-03-24 13:43:27,-17.7125,-39.2481,83.95,63,30,5.7
294,Salumbar,IN,2022-03-24 13:43:27,24.1333,74.05,90.27,14,8,7.65
295,Gari,RU,2022-03-24 13:43:28,59.4307,62.3497,29.3,75,100,9.44
296,Boca Do Acre,BR,2022-03-24 13:43:29,-8.7522,-67.3978,83.41,72,85,4.68
297,Ullal,IN,2022-03-24 13:43:30,12.8,74.85,83.35,78,75,0.0
298,Diveyevo,RU,2022-03-24 13:43:30,55.0433,43.2418,33.33,86,100,8.28
299,Tanout,NE,2022-03-24 13:43:30,14.9709,8.8879,95.4,7,78,16.08
300,Greenville,US,2022-03-24 13:43:30,35.6127,-77.3663,69.96,96,75,13.8
301,Lykhivka,UA,2022-03-24 13:43:31,48.6874,33.9228,54.99,45,25,8.46
302,Natalinsk,RU,2022-03-24 13:43:31,56.4739,57.8698,33.31,92,100,12.06
303,Muros,ES,2022-03-24 13:43:32,42.7762,-9.0603,71.1,40,28,3.76
304,Raga,SS,2022-03-24 13:43:32,8.4596,25.678,101.44,15,11,7.92
305,Nioro,GM,2022-03-24 13:43:32,13.35,-15.75,98.46,10,2,7.49
306,Semey,KZ,2022-03-24 13:43:32,50.4111,80.2275,32.22,80,0,17.9
307,Gamba,GA,2022-03-24 13:43:33,-2.65,10.0,84.54,73,50,10.04
308,Santa Fe,AR,2022-03-24 13:42:27,-31.6333,-60.7,62.01,57,97,13.0
309,Begoro,GH,2022-03-24 13:43:33,6.3871,-0.3774,91.08,42,100,2.89
310,Sol-Iletsk,RU,2022-03-24 13:43:33,51.1631,54.9918,30.81,93,99,9.84
311,Mana,GF,2022-03-24 13:43:34,5.6592,-53.7767,79.45,88,94,11.99
312,Pershotravneve,UA,2022-03-24 13:43:34,51.3929,28.8684,41.52,76,100,15.68
313,Issoire,FR,2022-03-24 13:44:35,45.55,3.25,65.46,24,2,7.02
314,Urumqi,CN,2022-03-24 13:44:36,43.801,87.6005,36.55,56,0,2.24
315,Moroto,UG,2022-03-24 13:44:36,2.5345,34.6666,87.67,26,55,14.52
316,Sorland,NO,2022-03-24 13:44:36,67.667,12.6934,36.05,56,100,10.65
317,Yarensk,RU,2022-03-24 13:44:37,62.1675,49.0916,33.75,97,100,12.5
318,Lachi,PK,2022-03-24 13:44:37,33.3833,71.3386,77.52,33,8,3.69
319,Msanga,TZ,2022-03-24 13:44:37,-6.05,36.0333,79.14,59,60,5.35
320,Vilhena,BR,2022-03-24 13:42:20,-12.7406,-60.1458,77.22,83,20,9.22
321,Kisangani,CD,2022-03-24 13:44:38,0.5167,25.2,96.3,31,79,5.39
322,Kavaratti,IN,2022-03-24 13:44:38,10.5669,72.642,83.79,63,10,3.67
323,Fowa,NG,2022-03-24 13:44:38,8.9167,6.4,104.23,19,100,3.76
324,La Pintada,CO,2022-03-24 13:44:39,5.7487,-75.6063,82.62,79,100,1.25
325,Solwezi,ZM,2022-03-24 13:44:39,-12.1688,26.3894,75.9,70,67,1.79
326,Gorshechnoye,RU,2022-03-24 13:44:39,51.5244,38.0365,33.76,100,100,8.9
327,Naousa,GR,2022-03-24 13:44:40,40.6329,22.0534,64.81,37,0,5.64
328,Saldanha,ZA,2022-03-24 13:44:40,-33.0117,17.9442,75.25,78,1,16.96
329,Puerto Del Rosario,ES,2022-03-24 13:44:40,28.5004,-13.8627,69.55,43,40,18.41
330,Colares,PT,2022-03-24 13:44:41,38.7992,-9.4469,63.34,68,40,17.0
331,Kankan,GN,2022-03-24 13:44:41,10.3854,-9.3057,101.82,25,36,5.5
332,Cervo,ES,2022-03-24 13:44:41,43.6702,-7.4101,56.97,67,0,13.27
333,Padang,ID,2022-03-24 13:44:41,-0.9492,100.3543,78.85,75,53,3.56
334,Fethiye,TR,2022-03-24 13:44:42,36.6217,29.1164,62.47,36,73,5.55
335,Methoni,GR,2022-03-24 13:44:42,36.8197,21.7049,64.22,57,0,14.54
336,Itarema,BR,2022-03-24 13:44:42,-2.9248,-39.9167,84.79,68,76,9.69
337,Abu Samrah,SY,2022-03-24 13:44:43,35.3029,37.1841,47.25,76,100,14.14
338,Viedma,AR,2022-03-24 13:44:43,-40.8135,-62.9967,62.15,62,100,26.22
339,Shache,CN,2022-03-24 13:44:43,38.4167,77.2406,63.3,15,93,15.39
340,Qostanay,KZ,2022-03-24 13:44:43,53.1667,63.5833,32.29,86,0,11.18
341,Oranjestad,AW,2022-03-24 13:44:44,12.524,-70.027,82.35,74,20,26.46
342,Parrita,CR,2022-03-24 13:44:44,9.5201,-84.3225,84.43,61,35,1.72
343,Puerto Maldonado,PE,2022-03-24 13:44:44,-12.6,-69.1833,73.8,94,75,1.14
344,Sechura,PE,2022-03-24 13:44:44,-5.5569,-80.8222,75.36,67,56,11.16
345,Svencionys,LT,2022-03-24 13:44:45,55.15,26.1667,46.26,43,0,10.49
346,Maxixe,MZ,2022-03-24 13:44:45,-23.8597,35.3472,89.42,59,20,11.99
347,Panjakent,TJ,2022-03-24 13:44:45,39.4952,67.6093,38.17,97,99,1.39
348,Itupiranga,BR,2022-03-24 13:44:46,-5.1347,-49.3267,80.92,84,99,3.42
349,Acarau,BR,2022-03-24 13:44:46,-2.8856,-40.12,84.02,70,77,8.68
350,Arlit,NE,2022-03-24 13:44:46,18.7369,7.3853,97.54,7,5,6.15
351,Krasnogvardeyskoye,RU,2022-03-24 13:44:47,45.8456,41.5186,41.95,55,100,10.74
352,Adre,TD,2022-03-24 13:44:47,13.4667,22.2,96.21,8,4,3.04
353,Sao Caetano De Odivelas,BR,2022-03-24 13:44:47,-0.75,-48.02,76.19,97,100,6.24
354,Usogorsk,RU,2022-03-24 13:44:48,63.4106,48.6872,33.15,98,100,11.01
355,Capitao Poco,BR,2022-03-24 13:44:48,-1.7464,-47.0594,82.81,75,87,4.29
356,Ermelo,ZA,2022-03-24 13:44:48,-26.5333,29.9833,73.67,33,97,11.41
357,Rosetta,EG,2022-03-24 13:44:49,31.4044,30.4164,56.71,58,80,21.88
358,Jalu,LY,2022-03-24 13:44:49,29.0331,21.5482,63.32,35,54,15.03
359,Oranjemund,NA,2022-03-24 13:44:49,-28.55,16.4333,67.24,80,22,22.15
360,General Roca,AR,2022-03-24 13:44:50,-39.0333,-67.5833,62.62,30,0,18.16
361,Sikasso,ML,2022-03-24 13:45:51,10.9167,-7.0,103.32,22,7,5.91
362,Porto Walter,BR,2022-03-24 13:45:52,-8.2686,-72.7439,78.13,94,72,3.58
363,Onguday,RU,2022-03-24 13:45:53,50.75,86.15,17.76,84,100,4.88
364,Soyo,AO,2022-03-24 13:45:54,-6.1349,12.3689,85.66,70,36,11.79
365,Uaua,BR,2022-03-24 13:45:54,-9.8414,-39.4817,88.27,42,47,11.74
366,Aranda De Duero,ES,2022-03-24 13:45:54,41.6704,-3.6892,46.29,80,100,17.34
367,Mantua,IT,2022-03-24 13:45:55,45.1667,10.7833,72.99,25,0,3.0
368,Naryan-Mar,RU,2022-03-24 13:45:55,67.6713,53.087,17.37,87,100,8.95
369,Bardiyah,LY,2022-03-24 13:45:55,31.7561,25.0865,56.21,51,7,27.16
370,Hammerfest,NO,2022-03-24 13:45:55,70.6634,23.6821,27.05,93,100,14.97
371,George Town,MY,2022-03-24 13:44:32,5.4112,100.3354,84.13,86,20,3.44
372,Savinka,RU,2022-03-24 13:45:56,50.0785,47.0994,29.97,97,61,3.96
373,Lumeje,AO,2022-03-24 13:45:56,-11.55,20.7833,83.21,51,70,3.18
374,Waddan,LY,2022-03-24 13:45:56,29.1614,16.139,64.29,24,0,6.17
375,Barbastro,ES,2022-03-24 13:45:57,42.0356,0.1269,59.18,56,96,12.91
376,Nantucket,US,2022-03-24 13:43:55,41.2835,-70.0995,42.91,88,100,28.77
377,Puerto Leguizamo,CO,2022-03-24 13:45:57,-0.1934,-74.7819,82.49,69,65,2.89
378,Nador,MA,2022-03-24 13:45:57,35.174,-2.9287,59.25,82,100,8.05
379,Barcelos,PT,2022-03-24 13:41:08,41.5388,-8.6151,68.14,48,99,11.36
380,Montalvo,EC,2022-03-24 13:45:58,-1.8,-79.3333,76.3,98,100,1.39
381,Esik,KZ,2022-03-24 13:45:58,43.3552,77.4525,33.22,77,74,4.92
382,Ofaqim,IL,2022-03-24 13:45:59,31.3141,34.6203,53.71,52,13,19.53
383,Machinga,MW,2022-03-24 13:45:59,-15.1685,35.3,80.11,69,78,2.04
384,Bin Qirdan,TN,2022-03-24 13:45:59,33.1378,11.2197,63.72,37,0,16.93
385,Bull Savanna,JM,2022-03-24 13:46:00,17.8868,-77.5902,78.22,70,23,16.93
386,Shubarkuduk,KZ,2022-03-24 13:46:00,49.1447,56.4872,24.3,98,7,4.5
387,Ornes,NO,2022-03-24 13:46:01,66.8689,13.7078,36.41,81,100,4.5
388,Gemena,CD,2022-03-24 13:46:03,3.25,19.7667,89.51,42,100,1.28
389,Isilkul,RU,2022-03-24 13:46:03,54.9109,71.2728,22.44,88,80,10.47
390,Bara,NG,2022-03-24 13:46:04,10.3744,10.7288,101.98,8,38,11.5
391,Cabedelo,BR,2022-03-24 13:46:04,-6.9811,-34.8339,77.67,70,100,10.42
392,Nadym,RU,2022-03-24 13:46:04,65.5333,72.5167,9.99,91,21,10.2
393,Maltahohe,NA,2022-03-24 13:46:05,-24.8333,16.9833,77.79,41,100,6.38
394,Uyemskiy,RU,2022-03-24 13:46:05,64.4743,40.8524,30.25,54,40,15.66
395,Upata,VE,2022-03-24 13:46:05,8.0086,-62.3989,80.15,63,98,6.89
396,Puerto Ayacucho,VE,2022-03-24 13:46:06,5.6639,-67.6236,89.69,45,96,7.47
397,Bar Harbor,US,2022-03-24 13:46:07,44.3876,-68.2039,39.02,80,100,8.01
398,Sao Gabriel Da Cachoeira,BR,2022-03-24 13:46:08,-0.1303,-67.0892,78.71,90,98,1.7
399,Brae,GB,2022-03-24 13:46:09,60.3964,-1.353,50.23,85,100,15.7
400,Srivardhan,IN,2022-03-24 13:46:09,18.0333,73.0167,81.54,74,3,5.3
401,Umm Lajj,SA,2022-03-24 13:46:09,25.0213,37.2685,66.47,43,0,22.46
402,Wohlen,CH,2022-03-24 13:46:09,47.3524,8.2788,68.41,36,0,4.0
403,Ancud,CL,2022-03-24 13:42:03,-41.8697,-73.8203,53.22,68,5,1.52
404,La Palma Del Condado,ES,2022-03-24 13:46:10,37.3861,-6.5523,55.06,79,100,6.78
405,Bubaque,GW,2022-03-24 13:46:10,11.2833,-15.8333,76.78,58,5,7.87
406,Bukama,CD,2022-03-24 13:47:12,-9.2,25.85,86.13,62,22,2.17
407,Pangnirtung,CA,2022-03-24 13:47:12,66.1451,-65.7125,15.8,92,100,0.0
408,Podosinovets,RU,2022-03-24 13:47:13,60.2776,47.0659,37.8,80,100,14.23
409,Keetmanshoop,NA,2022-03-24 13:47:13,-26.5833,18.1333,85.03,18,0,7.65
410,Sakaraha,MG,2022-03-24 13:47:14,-22.9,44.5333,79.97,65,86,6.29
411,San Carlos De Bariloche,AR,2022-03-24 13:47:14,-41.1456,-71.3082,46.15,57,0,14.97
412,Belmonte,BR,2022-03-24 13:47:14,-15.8631,-38.8828,82.69,66,17,7.72
413,Ushtobe,KZ,2022-03-24 13:47:15,45.2514,77.9838,39.74,50,1,4.5
414,Wamba,NG,2022-03-24 13:47:15,8.9333,8.6,105.62,8,91,11.41
415,Campbellsville,US,2022-03-24 13:46:32,37.3434,-85.3419,48.15,59,100,5.01
416,Margate,GB,2022-03-24 13:47:16,51.3813,1.3862,54.88,77,0,4.99
417,Kashin,RU,2022-03-24 13:47:16,57.3592,37.6081,35.64,96,97,5.28
418,Cape Canaveral,US,2022-03-24 13:47:17,28.4058,-80.6048,80.02,77,40,17.27
419,Dalbandin,PK,2022-03-24 13:44:35,28.8947,64.4101,81.0,6,0,14.74
420,Sidi Ali,DZ,2022-03-24 13:47:17,36.0998,0.4206,67.73,40,100,22.44
421,Xai-Xai,MZ,2022-03-24 13:47:18,-25.0519,33.6442,94.15,34,0,2.39
422,Sistranda,NO,2022-03-24 13:47:18,63.7256,8.834,44.56,94,100,28.63
423,Dabakala,CI,2022-03-24 13:47:18,8.3667,-4.4333,100.38,29,7,6.02
424,Kingston,JM,2022-03-24 13:47:19,17.997,-76.7936,81.55,70,20,26.46
425,Tulle,FR,2022-03-24 13:47:19,45.3333,1.8333,66.54,22,5,5.84
426,Loandjili,CG,2022-03-24 13:47:19,-4.7561,11.8578,89.71,74,40,11.5
427,Snezhnogorsk,RU,2022-03-24 13:47:20,69.1933,33.2531,24.58,69,84,8.97
428,Sandy Bay,AU,2022-03-24 13:47:20,-42.913,147.3532,58.89,77,24,12.66
429,Almaty,KZ,2022-03-24 13:44:12,43.25,76.95,37.31,65,40,6.71
430,Gazojak,TM,2022-03-24 13:47:21,41.1875,61.4036,50.85,31,13,14.83
431,Kombissiri,BF,2022-03-24 13:47:21,12.0656,-1.3375,103.98,5,66,10.56
432,Roald,NO,2022-03-24 13:47:22,62.5833,6.1333,52.32,81,75,17.27
433,Abha,SA,2022-03-24 13:47:22,18.2164,42.5053,73.22,46,40,8.05
434,Micheweni,TZ,2022-03-24 13:47:23,-4.9667,39.8333,85.73,70,48,8.86
435,Mamontovo,RU,2022-03-24 13:47:23,52.7055,81.6244,30.22,95,100,25.39
436,Saint-Georges,GD,2022-03-24 13:47:23,12.0564,-61.7485,83.88,65,40,23.02
437,Arauca,CO,2022-03-24 13:47:23,7.0847,-70.7591,80.56,61,0,3.44
438,Kortkeros,RU,2022-03-24 13:47:24,61.8106,51.5806,41.0,97,100,13.27
439,Angoche,MZ,2022-03-24 13:47:24,-16.2325,39.9086,82.31,79,45,8.95
440,Carauari,BR,2022-03-24 13:47:24,-4.8828,-66.8958,76.75,95,100,2.98
441,Tanabi,BR,2022-03-24 13:47:25,-20.6264,-49.6492,82.62,55,18,11.79
442,Nizwa,OM,2022-03-24 13:47:25,22.9333,57.5333,90.97,8,5,1.72
443,Damphu,BT,2022-03-24 13:47:26,27.0721,90.1096,64.18,45,67,4.59
444,Paidha,UG,2022-03-24 13:47:26,2.4167,30.9855,74.01,57,81,4.07
445,Hemsedal,NO,2022-03-24 13:47:27,60.8629,8.5534,39.61,100,100,6.13
446,Dinhata,IN,2022-03-24 13:47:28,26.1333,89.4667,85.06,10,0,6.15
447,Chicama,PE,2022-03-24 13:47:28,-7.8447,-79.1469,64.94,75,47,4.99
448,Chato,TZ,2022-03-24 13:47:28,-2.6378,31.7669,75.97,64,100,0.58
449,San Ignacio,BZ,2022-03-24 13:47:28,17.1561,-89.0714,73.54,94,75,9.22
450,Zhanaozen,KZ,2022-03-24 13:47:29,43.3,52.8,48.07,34,100,20.96
451,Tshikapa,CD,2022-03-24 13:47:29,-6.4167,20.8,90.05,50,83,1.83
452,Orhei,MD,2022-03-24 13:48:31,47.3831,28.8231,56.98,27,2,20.2
453,Santa Cruz,BO,2022-03-24 13:43:45,-17.8,-63.1667,80.06,78,75,19.57
454,Kefalos,GR,2022-03-24 13:48:31,36.7453,26.9589,55.62,44,20,16.11
455,Ponta Delgada,PT,2022-03-24 13:48:31,37.7333,-25.6667,61.52,63,20,9.22
456,Bani Walid,LY,2022-03-24 13:48:32,31.7566,13.9942,62.01,28,0,7.81
457,Sarakhs,IR,2022-03-24 13:48:32,36.5449,61.1577,60.94,55,0,6.91
458,Maurawan,IN,2022-03-24 13:48:33,26.4333,80.8833,87.84,14,56,7.65
459,Jacqueville,CI,2022-03-24 13:48:33,5.2052,-4.4146,82.26,79,40,8.86
460,Samana,DO,2022-03-24 13:48:33,19.2056,-69.3369,76.96,83,40,0.0
461,Hit,IQ,2022-03-24 13:48:33,33.6416,42.8251,66.06,17,14,15.66
462,Mantenopolis,BR,2022-03-24 13:48:34,-18.8625,-41.1228,68.92,90,100,0.72
463,Louis Trichardt,ZA,2022-03-24 13:48:34,-23.0439,29.9032,87.91,22,4,7.47
464,Eydhafushi,MV,2022-03-24 13:48:34,5.1033,73.0708,83.41,64,0,10.89
465,Necochea,AR,2022-03-24 13:48:35,-38.5473,-58.7368,67.57,95,100,21.43
466,Perigueux,FR,2022-03-24 13:48:35,45.1833,0.7167,66.96,34,8,1.01
467,Prieska,ZA,2022-03-24 13:48:36,-29.6641,22.7474,79.97,34,1,10.6
468,Hunfeld,DE,2022-03-24 13:48:36,50.6797,9.7673,67.28,34,0,2.86
469,Maracaibo,VE,2022-03-24 13:45:29,10.6317,-71.6406,84.31,48,9,3.94
470,Les Escoumins,CA,2022-03-24 13:48:36,48.1111,-69.0236,29.55,87,100,8.14
471,Port Blair,IN,2022-03-24 13:48:36,11.6667,92.75,84.24,70,40,2.3
472,Damavand,IR,2022-03-24 13:48:37,35.7178,52.065,48.49,60,89,8.01
473,Naliya,IN,2022-03-24 13:48:37,23.2667,68.8333,79.2,64,0,12.82
474,Sakakah,SA,2022-03-24 13:48:37,29.9697,40.2064,65.77,18,1,15.5
475,Nurota,UZ,2022-03-24 13:48:38,40.5614,65.6886,35.83,88,69,8.34
476,Paamiut,GL,2022-03-24 13:48:38,61.994,-49.6678,17.15,63,0,11.21
477,Bonthe,SL,2022-03-24 13:48:38,7.5264,-12.505,87.19,64,59,13.91
478,Verkhovazhye,RU,2022-03-24 13:48:39,60.7472,42.0465,36.18,98,100,10.8
479,Ust-Kulom,RU,2022-03-24 13:48:39,61.6864,53.6902,34.21,93,100,13.87
480,Madisonville,US,2022-03-24 13:44:29,37.3281,-87.4989,44.46,73,40,1.99
481,Sarankhola,BD,2022-03-24 13:48:39,22.3082,89.7897,78.28,81,28,10.63
482,Borovoy,RU,2022-03-24 13:48:40,55.4333,86.0833,25.88,93,75,4.47
483,Andenes,NO,2022-03-24 13:48:40,69.3143,16.1194,31.98,86,75,8.05
484,Anloga,GH,2022-03-24 13:48:40,5.7947,0.8973,85.87,70,45,13.44
485,Vila Franca Do Campo,PT,2022-03-24 13:48:41,37.7167,-25.4333,61.21,59,51,7.83
486,Marsh Harbour,BS,2022-03-24 13:48:41,26.5412,-77.0636,76.5,76,11,20.0
487,Namibe,AO,2022-03-24 13:48:42,-15.1961,12.1522,80.64,71,95,11.21
488,San Rafael,AR,2022-03-24 13:48:42,-34.6177,-68.3301,58.55,25,0,7.65
489,Dombarovskiy,RU,2022-03-24 13:48:42,50.7587,59.5386,32.31,94,100,10.45
490,Omboue,GA,2022-03-24 13:48:43,-1.5746,9.2618,83.88,76,61,9.01
491,Yurimaguas,PE,2022-03-24 13:48:43,-5.9,-76.0833,77.16,88,40,4.99
492,Harboore,DK,2022-03-24 13:48:43,56.6175,8.1807,54.09,63,5,10.8
493,Lasa,IT,2022-03-24 13:48:44,46.6166,10.7002,65.28,60,9,1.43
494,Umaria,IN,2022-03-24 13:48:44,23.5333,80.8333,85.89,14,5,5.28
495,Konnur,IN,2022-03-24 13:48:45,16.2,74.75,80.6,57,37,11.3
496,Camacha,PT,2022-03-24 13:48:46,33.0833,-16.3333,62.02,68,40,20.71
497,Muzhi,RU,2022-03-24 13:48:47,65.3667,64.6667,15.15,85,100,5.99
498,Valdivia,CL,2022-03-24 13:48:18,-39.8142,-73.2459,44.69,59,0,4.34
499,Veraval,IN,2022-03-24 13:48:48,20.9,70.3667,78.78,63,76,16.02
500,Buchanan,LR,2022-03-24 13:48:48,5.8808,-10.0467,85.44,67,48,8.57
501,Ushirombo,TZ,2022-03-24 13:49:48,-3.4919,31.9639,76.37,72,71,3.56
502,Jaguaruna,BR,2022-03-24 13:49:49,-28.615,-49.0256,81.19,71,99,4.05
503,Inhambane,MZ,2022-03-24 13:49:49,-23.865,35.3833,89.58,59,20,11.99
504,Pegnitz,DE,2022-03-24 13:49:49,49.7564,11.545,67.68,27,0,2.98
505,Monrovia,LR,2022-03-24 13:45:31,6.3005,-10.7969,91.17,70,95,9.13
506,Norilsk,RU,2022-03-24 13:49:50,69.3535,88.2027,10.47,93,94,8.32
507,Saint Stephen,GB,2022-03-24 13:49:50,50.3333,-4.9,62.87,45,0,3.44
508,Swakopmund,NA,2022-03-24 13:49:50,-22.6833,14.5333,77.85,85,58,7.0
509,La Rochelle,FR,2022-03-24 13:49:51,46.1667,-1.15,64.47,34,0,10.36
510,Tchibanga,GA,2022-03-24 13:49:51,-2.85,11.0333,84.29,74,87,3.58
511,Parnamirim,BR,2022-03-24 13:49:51,-5.9156,-35.2628,84.09,79,40,9.22
512,Kidodi,TZ,2022-03-24 13:49:51,-7.6036,37.0044,84.07,71,86,3.76
513,Port Shepstone,ZA,2022-03-24 13:49:52,-30.7414,30.455,77.86,72,53,16.44
514,Tsiroanomandidy,MG,2022-03-24 13:49:52,-18.7667,46.0333,74.12,88,97,5.73
515,Alto Longa,BR,2022-03-24 13:49:54,-5.2511,-42.2103,83.88,68,100,2.73
516,Aleysk,RU,2022-03-24 13:49:55,52.4926,82.7822,29.5,94,100,25.28
517,Kutum,SD,2022-03-24 13:49:55,14.2,24.6667,87.31,9,7,8.95
518,Thessalon,CA,2022-03-24 13:49:56,46.2501,-83.5666,32.29,95,100,5.37
519,Clearwater,US,2022-03-24 13:49:22,27.9659,-82.8001,73.11,87,100,16.11
520,Salvador,SV,2022-03-24 13:46:06,13.8333,-88.9167,77.4,66,73,1.88
521,Karkal,IN,2022-03-24 13:49:57,13.2,74.9833,82.22,85,97,2.15
522,Karabulak,RU,2022-03-24 13:49:57,43.3036,44.8964,32.99,83,100,8.84
523,Ibia,BR,2022-03-24 13:49:57,-19.4783,-46.5389,79.92,62,34,6.17
524,Saint-Jean-Port-Joli,CA,2022-03-24 13:49:58,47.2171,-70.2658,37.2,95,100,6.51
525,Zilair,RU,2022-03-24 13:49:58,52.2332,57.4392,29.89,98,100,9.04
526,Pitsunda,GE,2022-03-24 13:49:59,43.1592,40.3378,42.98,89,100,18.48
527,Parabel,RU,2022-03-24 13:49:59,58.6978,81.4825,12.78,94,85,2.17
528,Djenne,ML,2022-03-24 13:49:59,13.9061,-4.5533,104.7,5,63,12.01
529,Aquiraz,BR,2022-03-24 13:50:00,-3.9014,-38.3911,84.29,72,100,9.86
530,Pastavy,BY,2022-03-24 13:50:00,55.1168,26.8326,47.28,43,0,12.68
531,Bulaevo,KZ,2022-03-24 13:50:01,54.9056,70.4439,21.4,89,74,9.78
532,Jega,NG,2022-03-24 13:50:02,12.2175,4.3792,105.03,14,100,9.4
533,Hobyo,SO,2022-03-24 13:50:03,5.3505,48.5268,82.67,71,0,13.96
534,Salisbury,GB,2022-03-24 13:47:06,51.0693,-1.7957,66.65,28,0,2.3
535,Nsukka,NG,2022-03-24 13:50:04,6.8561,7.3927,89.73,25,93,0.58
536,Okoneshnikovo,RU,2022-03-24 13:50:04,54.8377,75.0834,26.04,93,66,14.2
537,Lapeer,US,2022-03-24 13:50:05,43.0514,-83.3188,46.92,76,100,13.8
538,Scarborough,GB,2022-03-24 13:50:06,54.2797,-0.4044,65.93,42,2,6.33
539,Tete,MZ,2022-03-24 13:50:06,-16.1564,33.5867,93.29,49,40,5.01
540,Tanga,TZ,2022-03-24 13:50:06,-5.0667,39.1,86.5,65,1,14.97
541,Puerto Quijarro,BO,2022-03-24 13:50:07,-17.7833,-57.7667,91.72,47,17,8.34
542,Palafrugell,ES,2022-03-24 13:50:07,41.9174,3.1631,57.43,46,100,5.01
543,Severodvinsk,RU,2022-03-24 13:50:08,64.5635,39.8302,30.31,76,10,18.1
544,Nisia Floresta,BR,2022-03-24 13:50:08,-6.0911,-35.2086,84.58,65,88,9.15
545,Meulaboh,ID,2022-03-24 13:50:09,4.1363,96.1285,80.28,83,88,3.33
546,Igrim,RU,2022-03-24 13:51:11,63.1906,64.4162,19.51,90,100,5.1
547,Bud,US,2022-03-24 13:51:11,39.447,-86.1758,44.62,79,79,14.74
